network,neg,pos,ratio,mode,h1,h2,lr,bs,best_epoch,best_val_recall,best_val_neg_recall,best_balanced_acc
FullyConnectedPerceptron,1,10,10.0,BCE,128,128,0.0003,16,0,0.3864258229732513,0.9869030117988586,0.686664417386055
FullyConnectedPerceptron,1,10,10.0,BCE,128,256,0.0002,128,0,0.3143130838871002,0.9910781979560852,0.6526956409215927
FullyConnectedPerceptron,1,10,10.0,BCE,128,256,0.0005,32,0,0.4592227637767792,0.980216145515442,0.7197194546461105
FullyConnectedPerceptron,1,10,10.0,BCE,128,256,0.006,128,0,0.3445539176464081,0.9905028939247132,0.6675284057855606
FullyConnectedPerceptron,1,10,10.0,BCE,128,64,0.0001,16,0,0.4668855965137481,0.9621984958648682,0.7145420461893082
FullyConnectedPerceptron,1,10,10.0,BCE,128,64,0.0002,16,0,0.4020251631736755,0.9861921072006226,0.694108635187149
FullyConnectedPerceptron,1,10,10.0,BCE,256,128,0.0003,16,0,0.4013409912586212,0.9894564151763916,0.6953987032175064
FullyConnectedPerceptron,1,10,10.0,BCE,256,256,0.002,64,0,0.4590859413146972,0.9715679883956908,0.715326964855194
FullyConnectedPerceptron,1,10,10.0,BCE,256,32,0.002,32,0,0.465106725692749,0.9759465456008912,0.7205266356468201
FullyConnectedPerceptron,1,10,10.0,BCE,256,32,0.004,32,0,0.4455391466617584,0.9788467288017272,0.7121929377317429
FullyConnectedPerceptron,1,10,10.0,BCE,256,32,0.0004,64,0,0.3842364549636841,0.9891563057899476,0.6866963803768158
FullyConnectedPerceptron,1,10,10.0,BCE,256,64,0.001,128,0,0.3772577941417694,0.990726351737976,0.6839920729398727
FullyConnectedPerceptron,1,10,10.0,BCE,512,128,0.001,32,0,0.4801587164402008,0.968643307685852,0.7244010120630264
FullyConnectedPerceptron,1,10,10.0,BCE,512,128,0.0001,128,0,0.2946086525917053,0.9925272464752196,0.6435679495334625
FullyConnectedPerceptron,1,10,10.0,BCE,512,128,0.0002,128,0,0.5038314461708069,0.9505910277366638,0.7272112369537354
FullyConnectedPerceptron,1,10,10.0,BCE,512,128,0.0002,64,0,0.3742474019527435,0.989945352077484,0.6820963770151137
FullyConnectedPerceptron,1,10,10.0,BCE,512,128,0.003,32,0,0.3983305990695953,0.9886903762817384,0.6935104876756668
FullyConnectedPerceptron,1,10,10.0,BCE,512,128,0.0003,128,0,0.4084564745426178,0.9842788577079772,0.6963676661252975
FullyConnectedPerceptron,1,10,10.0,BCE,512,128,0.0004,128,0,0.4991789758205414,0.9572684168815612,0.7282236963510513
FullyConnectedPerceptron,1,10,10.0,BCE,512,128,0.0004,32,0,0.3731527030467987,0.9918525218963624,0.6825026124715805
FullyConnectedPerceptron,1,10,10.0,BCE,512,128,0.0005,128,0,0.4759168028831482,0.9721084833145142,0.7240126430988312
FullyConnectedPerceptron,1,10,10.0,BCE,512,128,0.0006,128,0,0.4789271950721741,0.9749919176101683,0.7269595563411713
FullyConnectedPerceptron,1,10,10.0,BCE,512,128,0.0007,128,0,0.4916529953479767,0.9563637375831604,0.7240083664655685
FullyConnectedPerceptron,1,10,10.0,BCE,512,128,0.0008,128,0,0.4913793206214905,0.9531324505805968,0.7222558856010437
FullyConnectedPerceptron,1,10,10.0,BCE,512,256,0.0002,128,0,0.4031198620796203,0.9854868054389954,0.6943033337593079
FullyConnectedPerceptron,1,10,10.0,BCE,512,32,0.0002,128,0,0.3928571343421936,0.9865357875823976,0.6896964609622955
FullyConnectedPerceptron,1,10,10.0,BCE,512,32,0.0003,128,0,0.5149151682853699,0.941565752029419,0.7282404601573944
FullyConnectedPerceptron,1,10,10.0,BCE,512,32,0.0004,128,0,0.4850848317146301,0.9537078738212584,0.7193963527679443
FullyConnectedPerceptron,1,10,10.0,BCE,512,32,0.0006,128,0,0.494252860546112,0.9509320855140686,0.7225924730300903
FullyConnectedPerceptron,1,10,10.0,BCE,512,64,0.0001,128,0,0.3273125290870666,0.9912000894546508,0.6592563092708587
FullyConnectedPerceptron,1,10,10.0,BCE,512,64,0.0003,128,0,0.484674334526062,0.9618221521377563,0.7232482433319092
FullyConnectedPerceptron,1,10,10.0,BCE,64,128,0.0004,64,0,0.3451012670993805,0.9920344352722168,0.6685678511857986
FullyConnectedPerceptron,1,10,10.0,BCE,64,128,0.007,64,0,0.3641214966773987,0.9854165315628052,0.6747690141201019
FullyConnectedPerceptron,1,10,10.0,BCE,64,256,0.001,32,0,0.4345922172069549,0.9743178486824036,0.7044550329446793
FullyConnectedPerceptron,1,10,10.0,BCE,64,256,0.0001,64,0,0.2851669490337372,0.9931600689888,0.6391635090112686
FullyConnectedPerceptron,1,10,10.0,BCE,64,256,0.0008,16,0,0.4377394616603851,0.9713310599327089,0.7045352607965469
FullyConnectedPerceptron,1,10,10.0,BCE,64,32,0.001,16,0,0.388615220785141,0.9869378805160522,0.6877765506505966
FullyConnectedPerceptron,1,10,10.0,BCE,64,32,0.0001,128,0,0.2614942491054535,0.9941367506980896,0.6278154999017715
FullyConnectedPerceptron,1,10,10.0,BCE,64,32,0.004,16,0,0.4369184374809265,0.9760887026786804,0.7065035700798035
FullyConnectedPerceptron,1,10,10.0,weightedBCE,128,128,0.0005,64,0,0.668308675289154,0.8592075705528259,0.76375812292099
FullyConnectedPerceptron,1,10,10.0,weightedBCE,128,256,0.005,16,0,0.656814455986023,0.8510444164276123,0.7539294362068176
FullyConnectedPerceptron,1,10,10.0,weightedBCE,128,32,0.004,32,0,0.6532567143440247,0.8709650039672852,0.7621108591556549
FullyConnectedPerceptron,1,10,10.0,weightedBCE,128,32,0.0004,32,0,0.6707717776298523,0.8576997518539429,0.7642357647418976
FullyConnectedPerceptron,1,10,10.0,weightedBCE,128,32,0.005,64,0,0.659551203250885,0.8692775368690491,0.764414370059967
FullyConnectedPerceptron,1,10,10.0,weightedBCE,256,256,0.01,16,0,0.5524083375930786,0.9052357077598572,0.7288220226764679
FullyConnectedPerceptron,1,10,10.0,weightedBCE,256,256,0.003,16,0,0.6585932970046997,0.8742884397506714,0.7664408683776855
FullyConnectedPerceptron,1,10,10.0,weightedBCE,256,256,0.003,32,0,0.6596879959106445,0.8745059967041016,0.767096996307373
FullyConnectedPerceptron,1,10,10.0,weightedBCE,256,256,0.004,16,0,0.6451833844184875,0.8776034712791443,0.7613934278488159
FullyConnectedPerceptron,1,10,10.0,weightedBCE,256,256,0.005,16,0,0.6648877859115601,0.8569061160087585,0.7608969509601593
FullyConnectedPerceptron,1,10,10.0,weightedBCE,256,256,0.006,16,0,0.6598248481750488,0.8604733943939209,0.7601491212844849
FullyConnectedPerceptron,1,10,10.0,weightedBCE,256,256,0.007,16,0,0.6279419660568237,0.8597456812858582,0.7438438236713409
FullyConnectedPerceptron,1,10,10.0,weightedBCE,256,32,0.002,128,0,0.6542145609855652,0.8764806389808655,0.7653475999832153
FullyConnectedPerceptron,1,10,10.0,weightedBCE,256,32,0.002,32,0,0.6579091548919678,0.876232385635376,0.7670707702636719
FullyConnectedPerceptron,1,10,10.0,weightedBCE,256,32,0.006,32,0,0.0,1.0,0.5
FullyConnectedPerceptron,1,10,10.0,weightedBCE,256,32,0.007,32,0,0.6481937766075134,0.861540675163269,0.7548672258853912
FullyConnectedPerceptron,1,10,10.0,weightedBCE,256,32,0.009,128,0,0.6699507236480713,0.8578668832778931,0.7639088034629822
FullyConnectedPerceptron,1,10,10.0,weightedBCE,256,64,0.001,128,0,0.6680350303649902,0.867267370223999,0.7676512002944946
FullyConnectedPerceptron,1,10,10.0,weightedBCE,256,64,0.004,32,0,0.7084017395973206,0.8175228834152222,0.7629623115062714
FullyConnectedPerceptron,1,10,10.0,weightedBCE,256,64,0.008,32,0,0.6830870509147644,0.8287005424499512,0.7558937966823578
FullyConnectedPerceptron,1,10,10.0,weightedBCE,512,256,0.001,32,0,0.6607826948165894,0.8721856474876404,0.7664841711521149
FullyConnectedPerceptron,1,10,10.0,weightedBCE,512,256,0.0002,32,0,0.6605090498924255,0.8709279298782349,0.7657184898853302
FullyConnectedPerceptron,1,10,10.0,weightedBCE,512,256,0.009,16,0,0.0,1.0,0.5
FullyConnectedPerceptron,1,10,10.0,weightedBCE,512,32,0.003,32,0,0.6770662069320679,0.853575587272644,0.765320897102356
FullyConnectedPerceptron,1,10,10.0,weightedBCE,512,32,0.003,64,0,0.6711822748184204,0.8627054691314697,0.7669438719749451
FullyConnectedPerceptron,1,10,10.0,weightedBCE,512,32,0.004,16,0,0.680213451385498,0.8487915992736816,0.7645025253295898
FullyConnectedPerceptron,1,10,10.0,weightedBCE,512,64,0.0001,32,0,0.64573073387146,0.8779503107070923,0.7618405222892761
FullyConnectedPerceptron,1,10,10.0,weightedBCE,64,128,0.0002,128,0,0.6776135563850403,0.8479702472686768,0.7627919018268585
FullyConnectedPerceptron,1,10,10.0,weightedBCE,64,128,0.0002,16,0,0.7056650519371033,0.8178423047065735,0.7617536783218384
FullyConnectedPerceptron,1,10,10.0,weightedBCE,64,128,0.0003,128,0,0.6704980731010437,0.833893358707428,0.7521957159042358
FullyConnectedPerceptron,1,10,10.0,weightedBCE,64,128,0.0004,128,0,0.6980021595954895,0.8252914547920227,0.7616468071937561
FullyConnectedPerceptron,1,10,10.0,weightedBCE,64,128,0.0005,128,0,0.6947181224822998,0.8339329361915588,0.7643255293369293
FullyConnectedPerceptron,1,10,10.0,weightedBCE,64,128,0.0008,128,0,0.6633825898170471,0.8575186133384705,0.7604506015777588
FullyConnectedPerceptron,1,10,10.0,weightedBCE,64,256,0.0006,64,0,0.6860974431037903,0.8452436923980713,0.7656705677509308
FullyConnectedPerceptron,1,10,10.0,weightedBCE,64,32,0.0008,16,0,0.6993705630302429,0.8340243101119995,0.7666974365711212
FullyConnectedPerceptron,1,10,10.0,weightedBCE,64,64,0.002,128,0,0.653393566608429,0.877257227897644,0.7653253972530365
FullyConnectedPerceptron,1,10,10.0,weightedBCE,64,64,0.003,64,0,0.6576354503631592,0.8696268796920776,0.7636311650276184
FullyConnectedPerceptron,1,10,10.0,weightedBCE,64,64,0.0006,128,0,0.7263273000717163,0.7955307960510254,0.7609290480613708
FullyConnectedPerceptron,1,1,1.0,BCE,128,128,0.002,32,0,0.7204433679580688,0.7984892725944519,0.7594663202762604
FullyConnectedPerceptron,1,1,1.0,BCE,128,128,0.0003,16,0,0.6746031641960144,0.8243985772132874,0.7495008707046509
FullyConnectedPerceptron,1,1,1.0,BCE,128,128,0.004,32,0,0.6598248481750488,0.8525046110153198,0.7561647295951843
FullyConnectedPerceptron,1,1,1.0,BCE,128,128,0.0005,128,0,0.6885604858398438,0.8113661408424377,0.7499633133411407
FullyConnectedPerceptron,1,1,1.0,BCE,128,128,0.009,16,0,0.6529830098152161,0.8409805297851562,0.7469817698001862
FullyConnectedPerceptron,1,1,1.0,BCE,128,128,0.0009,128,0,0.715106725692749,0.7991062998771667,0.7571065127849579
FullyConnectedPerceptron,1,1,1.0,BCE,128,256,0.002,128,0,0.697044312953949,0.8148956894874573,0.7559700012207031
FullyConnectedPerceptron,1,1,1.0,BCE,128,256,0.002,16,0,0.7222222089767456,0.798012912273407,0.7601175606250763
FullyConnectedPerceptron,1,1,1.0,BCE,128,256,0.0002,128,0,0.6495621204376221,0.8204458951950073,0.7350040078163147
FullyConnectedPerceptron,1,1,1.0,BCE,128,256,0.0003,128,0,0.715106725692749,0.7453411221504211,0.7302239239215851
FullyConnectedPerceptron,1,1,1.0,BCE,128,64,0.001,128,0,0.7364531755447388,0.7701255083084106,0.7532893419265747
FullyConnectedPerceptron,1,1,1.0,BCE,128,64,0.006,128,0,0.6969075202941895,0.810943603515625,0.7539255619049072
FullyConnectedPerceptron,1,1,1.0,BCE,256,32,0.0001,32,0,0.6964969635009766,0.7684900760650635,0.73249351978302
FullyConnectedPerceptron,1,1,1.0,BCE,256,32,0.0002,16,0,0.7211275100708008,0.7802702784538269,0.7506988942623138
FullyConnectedPerceptron,1,1,1.0,BCE,256,32,0.0003,16,0,0.7194855213165283,0.7999463081359863,0.7597159147262573
FullyConnectedPerceptron,1,1,1.0,BCE,256,32,0.0006,64,0,0.7067596912384033,0.804559051990509,0.7556593716144562
FullyConnectedPerceptron,1,1,1.0,BCE,256,64,0.003,32,0,0.7023809552192688,0.8242098093032837,0.7632953822612762
FullyConnectedPerceptron,1,1,1.0,BCE,256,64,0.0004,32,0,0.7297482490539551,0.7900609374046326,0.7599045932292938
FullyConnectedPerceptron,1,1,1.0,BCE,512,128,0.001,128,0,0.7082648873329163,0.8140230178833008,0.7611439526081085
FullyConnectedPerceptron,1,1,1.0,BCE,512,128,0.001,16,0,0.7309797406196594,0.7889674305915833,0.7599735856056213
FullyConnectedPerceptron,1,1,1.0,BCE,512,128,0.0001,16,0,0.7042966485023499,0.807750403881073,0.7560235261917114
FullyConnectedPerceptron,1,1,1.0,BCE,512,128,0.002,16,0,0.7038861513137817,0.8135096430778503,0.758697897195816
FullyConnectedPerceptron,1,1,1.0,BCE,512,128,0.0002,16,0,0.6985495090484619,0.8286902904510498,0.7636198997497559
FullyConnectedPerceptron,1,1,1.0,BCE,512,128,0.0003,16,0,0.7006020545959473,0.8165538907051086,0.758577972650528
FullyConnectedPerceptron,1,1,1.0,BCE,512,128,0.004,128,0,0.7094964385032654,0.8145024180412292,0.7619994282722473
FullyConnectedPerceptron,1,1,1.0,BCE,512,128,0.0004,16,0,0.680213451385498,0.8449339270591736,0.7625736892223358
FullyConnectedPerceptron,1,1,1.0,BCE,512,128,0.0005,16,0,0.7014231085777283,0.8315916657447815,0.7665073871612549
FullyConnectedPerceptron,1,1,1.0,BCE,512,128,0.0007,16,0,0.7402846217155457,0.7796168923377991,0.7599507570266724
FullyConnectedPerceptron,1,1,1.0,BCE,512,256,0.0001,16,0,0.7209907174110413,0.7828097343444824,0.7519002258777618
FullyConnectedPerceptron,1,1,1.0,BCE,512,256,0.0001,32,0,0.7308428883552551,0.7545543313026428,0.742698609828949
FullyConnectedPerceptron,1,1,1.0,BCE,512,256,0.0003,16,0,0.6806239485740662,0.8427640199661255,0.7616939842700958
FullyConnectedPerceptron,1,1,1.0,BCE,512,256,0.0004,128,0,0.7140120267868042,0.7993913292884827,0.7567016780376434
FullyConnectedPerceptron,1,1,1.0,BCE,512,256,0.0004,16,0,0.7489053010940552,0.7702143788337708,0.759559839963913
FullyConnectedPerceptron,1,1,1.0,BCE,512,32,0.0002,16,0,0.688697338104248,0.8259732723236084,0.7573353052139282
FullyConnectedPerceptron,1,1,1.0,BCE,512,64,0.0005,128,0,0.7472632527351379,0.7636969685554504,0.7554801106452942
FullyConnectedPerceptron,1,1,1.0,BCE,512,64,0.0007,128,0,0.6926655769348145,0.8248229026794434,0.7587442398071289
FullyConnectedPerceptron,1,1,1.0,BCE,512,64,0.0007,64,0,0.7034756541252136,0.8117849826812744,0.757630318403244
FullyConnectedPerceptron,1,1,1.0,BCE,64,128,0.0002,64,0,0.618500292301178,0.8258316516876221,0.7221659719944
FullyConnectedPerceptron,1,1,1.0,BCE,64,256,0.0009,64,0,0.7230432629585266,0.7891550064086914,0.756099134683609
FullyConnectedPerceptron,1,1,1.0,BCE,64,32,0.0002,64,0,0.6632457375526428,0.7616429328918457,0.7124443352222443
FullyConnectedPerceptron,1,1,1.0,BCE,64,64,0.0001,128,0,0.6854132413864136,0.8064888119697571,0.7459510266780853
FullyConnectedPerceptron,1,1,1.0,BCE,64,64,0.0005,128,0,0.6644772887229919,0.8078885674476624,0.7361829280853271
FullyConnectedPerceptron,1,1,1.0,weightedBCE,128,128,0.001,64,0,0.6715927720069885,0.838542103767395,0.7550674378871918
FullyConnectedPerceptron,1,1,1.0,weightedBCE,128,128,0.0001,128,0,0.6958128213882446,0.7221679091453552,0.7089903652667999
FullyConnectedPerceptron,1,1,1.0,weightedBCE,128,128,0.0001,16,0,0.6728243231773376,0.8080622553825378,0.7404432892799377
FullyConnectedPerceptron,1,1,1.0,weightedBCE,128,256,0.001,128,0,0.7328954339027405,0.782604455947876,0.7577499449253082
FullyConnectedPerceptron,1,1,1.0,weightedBCE,128,32,0.0008,32,0,0.6995074152946472,0.8171581029891968,0.758332759141922
FullyConnectedPerceptron,1,1,1.0,weightedBCE,256,128,0.005,128,0,0.7126436829566956,0.8106238842010498,0.7616337835788727
FullyConnectedPerceptron,1,1,1.0,weightedBCE,256,256,0.0001,64,0,0.6949917674064636,0.7613775730133057,0.7281846702098846
FullyConnectedPerceptron,1,1,1.0,weightedBCE,256,256,0.0004,32,0,0.7397372722625732,0.7740899920463562,0.7569136321544647
FullyConnectedPerceptron,1,1,1.0,weightedBCE,256,32,0.0001,64,0,0.6967706680297852,0.8061408400535583,0.7514557540416718
FullyConnectedPerceptron,1,1,1.0,weightedBCE,256,32,0.0003,16,0,0.681718647480011,0.8245345950126648,0.7531266212463379
FullyConnectedPerceptron,1,1,1.0,weightedBCE,256,32,0.0005,32,0,0.6755610108375549,0.8407529592514038,0.7581569850444794
FullyConnectedPerceptron,1,1,1.0,weightedBCE,256,32,0.0009,64,0,0.7287903428077698,0.7919858694076538,0.7603881061077118
FullyConnectedPerceptron,1,1,1.0,weightedBCE,256,64,0.001,64,0,0.7554734349250793,0.7590113282203674,0.7572423815727234
FullyConnectedPerceptron,1,1,1.0,weightedBCE,256,64,0.002,64,0,0.7051177024841309,0.8261841535568237,0.7656509280204773
FullyConnectedPerceptron,1,1,1.0,weightedBCE,256,64,0.0002,32,0,0.6521620154380798,0.8489230275154114,0.7505425214767456
FullyConnectedPerceptron,1,1,1.0,weightedBCE,256,64,0.0002,64,0,0.6576354503631592,0.8183581233024597,0.7379967868328094
FullyConnectedPerceptron,1,1,1.0,weightedBCE,256,64,0.005,64,0,0.6429939866065979,0.8700777292251587,0.7565358579158783
FullyConnectedPerceptron,1,1,1.0,weightedBCE,256,64,0.0005,128,0,0.7136015295982361,0.7831348776817322,0.7483682036399841
FullyConnectedPerceptron,1,1,1.0,weightedBCE,256,64,0.0006,32,0,0.7344006299972534,0.7867535948753357,0.7605771124362946
FullyConnectedPerceptron,1,1,1.0,weightedBCE,256,64,0.0007,64,0,0.7093595862388611,0.8096633553504944,0.7595114707946777
FullyConnectedPerceptron,1,1,1.0,weightedBCE,512,256,0.0001,32,0,0.6340996026992798,0.8656306266784668,0.7498651146888733
FullyConnectedPerceptron,1,1,1.0,weightedBCE,512,256,0.0002,32,0,0.6795293092727661,0.8368518352508545,0.7581905722618103
FullyConnectedPerceptron,1,1,1.0,weightedBCE,512,256,0.0003,32,0,0.6776135563850403,0.8309416770935059,0.7542776167392731
FullyConnectedPerceptron,1,1,1.0,weightedBCE,512,256,0.0004,16,0,0.6739190220832825,0.8501119613647461,0.7620154917240143
FullyConnectedPerceptron,1,1,1.0,weightedBCE,512,32,0.0001,32,0,0.6613300442695618,0.8318219184875488,0.7465759813785553
FullyConnectedPerceptron,1,1,1.0,weightedBCE,512,32,0.0002,32,0,0.7114121317863464,0.8035098910331726,0.7574610114097595
FullyConnectedPerceptron,1,1,1.0,weightedBCE,512,32,0.003,32,0,0.653393566608429,0.8706353306770325,0.7620144486427307
FullyConnectedPerceptron,1,1,1.0,weightedBCE,512,32,0.0003,32,0,0.6616037487983704,0.8617675304412842,0.7616856396198273
FullyConnectedPerceptron,1,1,1.0,weightedBCE,512,32,0.0004,32,0,0.6536672115325928,0.8634521961212158,0.7585597038269043
FullyConnectedPerceptron,1,1,1.0,weightedBCE,512,32,0.0007,32,0,0.7267377972602844,0.8003814220428467,0.7635596096515656
FullyConnectedPerceptron,1,1,1.0,weightedBCE,512,32,0.0008,128,0,0.6428571343421936,0.8761749863624573,0.7595160603523254
FullyConnectedPerceptron,1,1,1.0,weightedBCE,512,32,0.009,64,0,0.6739190220832825,0.8444839119911194,0.7592014670372009
FullyConnectedPerceptron,1,1,1.0,weightedBCE,512,64,0.001,32,0,0.6787082552909851,0.8433523178100586,0.7610302865505219
FullyConnectedPerceptron,1,1,1.0,weightedBCE,512,64,0.001,64,0,0.6506568193435669,0.8729860782623291,0.761821448802948
FullyConnectedPerceptron,1,1,1.0,weightedBCE,512,64,0.002,32,0,0.674055814743042,0.8478443026542664,0.7609500586986542
FullyConnectedPerceptron,1,1,1.0,weightedBCE,512,64,0.0004,16,0,0.7190749645233154,0.7997756004333496,0.7594252824783325
FullyConnectedPerceptron,1,1,1.0,weightedBCE,64,128,0.0005,32,0,0.7267377972602844,0.7747952342033386,0.7507665157318115
FullyConnectedPerceptron,1,1,1.0,weightedBCE,64,256,0.0002,32,0,0.6992337107658386,0.7802101969718933,0.739721953868866
FullyConnectedPerceptron,1,1,1.0,weightedBCE,64,32,0.001,16,0,0.7271483540534973,0.7939382195472717,0.7605432868003845
FullyConnectedPerceptron,1,1,1.0,weightedBCE,64,64,0.001,16,0,0.7204433679580688,0.7940101027488708,0.7572267353534698
FullyConnectedPerceptron,1,1,1.0,weightedBCE,64,64,0.003,16,0,0.6444991827011108,0.8687646389007568,0.7566319108009338
FullyConnectedPerceptron,1,1,1.0,weightedBCE,64,64,0.0006,32,0,0.7431581616401672,0.7705968022346497,0.7568774819374084
FullyConnectedPerceptron,1,2,2.0,BCE,128,128,0.004,16,0,0.6113011240959167,0.90205055475235,0.7566758394241333
FullyConnectedPerceptron,1,2,2.0,BCE,128,256,0.004,16,0,0.6063756942749023,0.8905755877494812,0.7484756410121918
FullyConnectedPerceptron,1,2,2.0,BCE,128,256,0.006,16,0,0.5018470287322998,0.9343130588531494,0.7180800437927246
FullyConnectedPerceptron,1,2,2.0,BCE,128,32,0.001,16,0,0.64755779504776,0.8721579909324646,0.7598578929901123
FullyConnectedPerceptron,1,2,2.0,BCE,128,32,0.001,32,0,0.5415241718292236,0.9379388093948364,0.73973149061203
FullyConnectedPerceptron,1,2,2.0,BCE,128,32,0.0001,32,0,0.5489122867584229,0.9032307267189026,0.7260715067386627
FullyConnectedPerceptron,1,2,2.0,BCE,128,32,0.002,32,0,0.5692981481552124,0.9337109327316284,0.7515045404434204
FullyConnectedPerceptron,1,2,2.0,BCE,128,32,0.0002,32,0,0.6129429340362549,0.8897669315338135,0.7513549327850342
FullyConnectedPerceptron,1,2,2.0,BCE,128,32,0.0003,32,0,0.594062089920044,0.897218644618988,0.745640367269516
FullyConnectedPerceptron,1,2,2.0,BCE,128,64,0.0002,64,0,0.5028047561645508,0.9405937790870668,0.7216992676258087
FullyConnectedPerceptron,1,2,2.0,BCE,256,128,0.0001,16,0,0.5716240406036377,0.90860778093338,0.7401159107685089
FullyConnectedPerceptron,1,2,2.0,BCE,256,128,0.0001,64,0,0.523053765296936,0.9275494813919068,0.7253016233444214
FullyConnectedPerceptron,1,2,2.0,BCE,256,128,0.0002,16,0,0.6218360662460327,0.8885133862495422,0.7551747262477875
FullyConnectedPerceptron,1,2,2.0,BCE,256,128,0.003,16,0,0.5895471572875977,0.91916823387146,0.7543576955795288
FullyConnectedPerceptron,1,2,2.0,BCE,256,128,0.0003,128,0,0.4963743388652801,0.9460242390632628,0.7211992889642714
FullyConnectedPerceptron,1,2,2.0,BCE,256,128,0.0005,64,0,0.5682035684585571,0.9282342195510864,0.7482188940048218
FullyConnectedPerceptron,1,2,2.0,BCE,256,128,0.0006,16,0,0.6149952411651611,0.9038049578666688,0.7594000995159149
FullyConnectedPerceptron,1,2,2.0,BCE,256,128,0.0008,16,0,0.5925571322441101,0.9142666459083556,0.7534118890762329
FullyConnectedPerceptron,1,2,2.0,BCE,256,256,0.002,128,0,0.6698590517044067,0.8553575873374939,0.7626083195209503
FullyConnectedPerceptron,1,2,2.0,BCE,256,256,0.0004,32,0,0.6223833560943604,0.8942253589630127,0.7583043575286865
FullyConnectedPerceptron,1,2,2.0,BCE,256,32,0.01,64,0,0.5668354034423828,0.9274401664733888,0.7471377849578857
FullyConnectedPerceptron,1,2,2.0,BCE,256,32,0.001,64,0,0.6002188920974731,0.9138281345367432,0.7570235133171082
FullyConnectedPerceptron,1,2,2.0,BCE,256,32,0.002,64,0,0.6184156537055969,0.9082009196281432,0.7633082866668701
FullyConnectedPerceptron,1,2,2.0,BCE,256,32,0.0004,64,0,0.6307292580604553,0.8801661729812622,0.7554477155208588
FullyConnectedPerceptron,1,2,2.0,BCE,256,32,0.0007,64,0,0.6273087859153748,0.8946928381919861,0.7610008120536804
FullyConnectedPerceptron,1,2,2.0,BCE,256,32,0.0008,64,0,0.5761390328407288,0.923973262310028,0.7500561475753784
FullyConnectedPerceptron,1,2,2.0,BCE,256,64,0.001,32,0,0.6218360662460327,0.8964753150939941,0.7591556906700134
FullyConnectedPerceptron,1,2,2.0,BCE,256,64,0.003,128,0,0.6482418775558472,0.8766225576400757,0.7624322175979614
FullyConnectedPerceptron,1,2,2.0,BCE,256,64,0.0003,128,0,0.5631413459777832,0.9200741052627563,0.7416077256202698
FullyConnectedPerceptron,1,2,2.0,BCE,256,64,0.006,128,0,0.5769599080085754,0.9220421314239502,0.7495010197162628
FullyConnectedPerceptron,1,2,2.0,BCE,512,256,0.001,64,0,0.6193733811378479,0.9010447263717652,0.7602090537548065
FullyConnectedPerceptron,1,2,2.0,BCE,512,256,0.004,32,0,0.597619354724884,0.9085782170295716,0.7530987858772278
FullyConnectedPerceptron,1,2,2.0,BCE,512,256,0.0005,16,0,0.5947462320327759,0.9215677380561828,0.7581569850444794
FullyConnectedPerceptron,1,2,2.0,BCE,512,32,0.0002,128,0,0.5769599080085754,0.8946859836578369,0.7358229458332062
FullyConnectedPerceptron,1,2,2.0,BCE,512,32,0.004,64,0,0.6372964978218079,0.8937596082687378,0.7655280530452728
FullyConnectedPerceptron,1,2,2.0,BCE,512,64,0.003,32,0,0.6497468948364258,0.8751301765441895,0.7624385356903076
FullyConnectedPerceptron,1,2,2.0,BCE,512,64,0.004,32,0,0.593104362487793,0.9219302535057068,0.7575173079967499
FullyConnectedPerceptron,1,2,2.0,BCE,64,32,0.001,64,0,0.5489122867584229,0.935040295124054,0.7419762909412384
FullyConnectedPerceptron,1,2,2.0,BCE,64,32,0.002,64,0,0.5872212052345276,0.9119545817375184,0.749587893486023
FullyConnectedPerceptron,1,2,2.0,BCE,64,32,0.0006,128,0,0.5346832871437073,0.9244747757911682,0.7295790314674377
FullyConnectedPerceptron,1,2,2.0,BCE,64,64,0.0003,64,0,0.5469968318939209,0.9158464074134828,0.7314216196537018
FullyConnectedPerceptron,1,2,2.0,BCE,64,64,0.0009,128,0,0.572992205619812,0.9155974984169006,0.7442948520183563
FullyConnectedPerceptron,1,2,2.0,weightedBCE,128,128,0.0001,16,0,0.682446300983429,0.8056797385215759,0.7440630197525024
FullyConnectedPerceptron,1,2,2.0,weightedBCE,128,256,0.003,64,0,0.6456423401832581,0.8737688660621643,0.7597056031227112
FullyConnectedPerceptron,1,2,2.0,weightedBCE,128,256,0.0004,64,0,0.702011227607727,0.8169631361961365,0.7594871819019318
FullyConnectedPerceptron,1,2,2.0,weightedBCE,128,256,0.0007,128,0,0.7266383767127991,0.7897610068321228,0.7581996917724609
FullyConnectedPerceptron,1,2,2.0,weightedBCE,128,32,0.004,128,0,0.730469286441803,0.7894768714904785,0.7599730789661407
FullyConnectedPerceptron,1,2,2.0,weightedBCE,128,32,0.005,16,0,0.6916130781173706,0.8303470015525818,0.7609800398349762
FullyConnectedPerceptron,1,2,2.0,weightedBCE,128,64,0.003,128,0,0.6985907554626465,0.824670135974884,0.7616304457187653
FullyConnectedPerceptron,1,2,2.0,weightedBCE,128,64,0.0003,32,0,0.6690381765365601,0.8421187996864319,0.755578488111496
FullyConnectedPerceptron,1,2,2.0,weightedBCE,128,64,0.007,32,0,0.6702695488929749,0.8380811214447021,0.7541753351688385
FullyConnectedPerceptron,1,2,2.0,weightedBCE,128,64,0.007,64,0,0.6720481514930725,0.8597585558891296,0.7659033536911011
FullyConnectedPerceptron,1,2,2.0,weightedBCE,256,128,0.0005,16,0,0.6854562759399414,0.8375206589698792,0.7614884674549103
FullyConnectedPerceptron,1,2,2.0,weightedBCE,256,128,0.0009,16,0,0.7310165762901306,0.798775315284729,0.7648959457874298
FullyConnectedPerceptron,1,2,2.0,weightedBCE,256,256,0.005,32,0,0.6493364572525024,0.868310272693634,0.7588233649730682
FullyConnectedPerceptron,1,2,2.0,weightedBCE,256,32,0.002,128,0,0.7403201460838318,0.7849944233894348,0.7626572847366333
FullyConnectedPerceptron,1,2,2.0,weightedBCE,256,32,0.0002,64,0,0.6817622184753418,0.8267284035682678,0.7542453110218048
FullyConnectedPerceptron,1,2,2.0,weightedBCE,256,32,0.004,128,0,0.6976330280303955,0.8354488015174866,0.766540914773941
FullyConnectedPerceptron,1,2,2.0,weightedBCE,256,32,0.005,64,0,0.6895608305931091,0.8363168835639954,0.7629388570785522
FullyConnectedPerceptron,1,2,2.0,weightedBCE,256,32,0.0009,64,0,0.7021480202674866,0.8163784742355347,0.7592632472515106
FullyConnectedPerceptron,1,2,2.0,weightedBCE,256,64,0.001,128,0,0.6832671761512756,0.8405594229698181,0.7619132995605469
FullyConnectedPerceptron,1,2,2.0,weightedBCE,256,64,0.002,128,0,0.6886031031608582,0.8437334895133972,0.7661682963371277
FullyConnectedPerceptron,1,2,2.0,weightedBCE,256,64,0.003,128,0,0.7155561447143555,0.8162912726402283,0.7659237086772919
FullyConnectedPerceptron,1,2,2.0,weightedBCE,256,64,0.0003,128,0,0.712546169757843,0.8043461441993713,0.7584461569786072
FullyConnectedPerceptron,1,2,2.0,weightedBCE,256,64,0.0004,128,0,0.6303187608718872,0.8680738210678101,0.7491962909698486
FullyConnectedPerceptron,1,2,2.0,weightedBCE,256,64,0.0005,128,0,0.6868244409561157,0.826580286026001,0.7567023634910583
FullyConnectedPerceptron,1,2,2.0,weightedBCE,256,64,0.0006,128,0,0.6772472262382507,0.8423429727554321,0.7597950994968414
FullyConnectedPerceptron,1,2,2.0,weightedBCE,256,64,0.0007,128,0,0.703926682472229,0.8153737187385559,0.7596502006053925
FullyConnectedPerceptron,1,2,2.0,weightedBCE,256,64,0.0008,128,0,0.670953631401062,0.8574093580245972,0.7641814947128296
FullyConnectedPerceptron,1,2,2.0,weightedBCE,256,64,0.009,64,0,0.669995903968811,0.8569892644882202,0.7634925842285156
FullyConnectedPerceptron,1,2,2.0,weightedBCE,512,128,0.003,16,0,0.6995484828948975,0.8310633897781372,0.7653059363365173
FullyConnectedPerceptron,1,2,2.0,weightedBCE,512,128,0.008,64,0,0.7106307148933411,0.8155519962310791,0.7630913555622101
FullyConnectedPerceptron,1,2,2.0,weightedBCE,512,32,0.001,16,0,0.6739636063575745,0.8486297130584717,0.7612966597080231
FullyConnectedPerceptron,1,2,2.0,weightedBCE,512,32,0.002,64,0,0.7031057476997375,0.8311408758163452,0.7671233117580414
FullyConnectedPerceptron,1,2,2.0,weightedBCE,512,32,0.006,128,0,0.7344369888305664,0.792904257774353,0.7636706233024597
FullyConnectedPerceptron,1,2,2.0,weightedBCE,512,64,0.001,32,0,0.7481187582015991,0.7886907458305359,0.7684047520160675
FullyConnectedPerceptron,1,2,2.0,weightedBCE,512,64,0.002,128,0,0.6839513182640076,0.8536539077758789,0.7688026130199432
FullyConnectedPerceptron,1,2,2.0,weightedBCE,512,64,0.002,64,0,0.6606922745704651,0.8730692267417908,0.7668807506561279
FullyConnectedPerceptron,1,2,2.0,weightedBCE,512,64,0.0003,128,0,0.6706799864768982,0.8503172397613525,0.7604986131191254
FullyConnectedPerceptron,1,2,2.0,weightedBCE,64,128,0.0004,64,0,0.6504309773445129,0.8475663661956787,0.7489986717700958
FullyConnectedPerceptron,1,2,2.0,weightedBCE,64,256,0.0002,32,0,0.6647968292236328,0.8249980807304382,0.7448974549770355
FullyConnectedPerceptron,1,2,2.0,weightedBCE,64,256,0.0006,32,0,0.6776576638221741,0.8438795208930969,0.7607685923576355
FullyConnectedPerceptron,1,2,2.0,weightedBCE,64,32,0.0004,64,0,0.711588442325592,0.8021460175514221,0.7568672299385071
FullyConnectedPerceptron,1,2,2.0,weightedBCE,64,32,0.0007,64,0,0.6883294582366943,0.8243675231933594,0.7563484907150269
FullyConnectedPerceptron,1,3,3.0,BCE,128,256,0.0004,64,0,0.4876847267150879,0.9620556235313416,0.7248701751232147
FullyConnectedPerceptron,1,3,3.0,BCE,128,256,0.0005,16,0,0.5346195697784424,0.9512513279914856,0.742935448884964
FullyConnectedPerceptron,1,3,3.0,BCE,128,32,0.0001,32,0,0.4532019793987274,0.9499173760414124,0.7015596777200699
FullyConnectedPerceptron,1,3,3.0,BCE,128,32,0.0003,128,0,0.4677066206932068,0.9570987224578856,0.7124026715755463
FullyConnectedPerceptron,1,3,3.0,BCE,128,32,0.0003,64,0,0.5897646546363831,0.9216468334197998,0.7557057440280914
FullyConnectedPerceptron,1,3,3.0,BCE,128,64,0.0002,128,0,0.6107006072998047,0.8948175311088562,0.7527590692043304
FullyConnectedPerceptron,1,3,3.0,BCE,128,64,0.0006,128,0,0.5888068079948425,0.9252864122390748,0.7570466101169586
FullyConnectedPerceptron,1,3,3.0,BCE,256,128,0.0001,128,0,0.6086480617523193,0.8946131467819214,0.7516306042671204
FullyConnectedPerceptron,1,3,3.0,BCE,256,128,0.0006,16,0,0.5347564220428467,0.9546904563903807,0.7447234392166138
FullyConnectedPerceptron,1,3,3.0,BCE,256,256,0.0003,64,0,0.5961959362030029,0.9207213521003724,0.7584586441516876
FullyConnectedPerceptron,1,3,3.0,BCE,256,32,0.002,16,0,0.5894909501075745,0.919597625732422,0.7545442879199982
FullyConnectedPerceptron,1,3,3.0,BCE,256,32,0.0008,128,0,0.5288724899291992,0.9499973654747008,0.7394349277019501
FullyConnectedPerceptron,1,3,3.0,BCE,256,64,0.001,128,0,0.5692391991615295,0.9388394951820374,0.7540393471717834
FullyConnectedPerceptron,1,3,3.0,BCE,512,128,0.002,128,0,0.5769020318984985,0.9352129101753236,0.756057471036911
FullyConnectedPerceptron,1,3,3.0,BCE,512,128,0.0002,64,0,0.5146414637565613,0.955716073513031,0.7351787686347961
FullyConnectedPerceptron,1,3,3.0,BCE,512,128,0.003,128,0,0.5703338980674744,0.9391524791717528,0.7547431886196136
FullyConnectedPerceptron,1,3,3.0,BCE,512,128,0.0003,64,0,0.6410782933235168,0.8776178359985352,0.759348064661026
FullyConnectedPerceptron,1,3,3.0,BCE,512,128,0.0004,64,0,0.6331417560577393,0.8969197869300842,0.7650307714939117
FullyConnectedPerceptron,1,3,3.0,BCE,512,128,0.0005,128,0,0.5977011322975159,0.9095503687858582,0.753625750541687
FullyConnectedPerceptron,1,3,3.0,BCE,512,128,0.0007,128,0,0.6145319938659668,0.9117995500564576,0.7631657719612122
FullyConnectedPerceptron,1,3,3.0,BCE,512,128,0.0007,32,0,0.5745757818222046,0.9368659853935242,0.7557208836078644
FullyConnectedPerceptron,1,3,3.0,BCE,512,256,0.001,128,0,0.565544605255127,0.9409361481666564,0.7532403767108917
FullyConnectedPerceptron,1,3,3.0,BCE,512,256,0.001,32,0,0.5997536778450012,0.921001434326172,0.7603775560855865
FullyConnectedPerceptron,1,3,3.0,BCE,512,256,0.0001,32,0,0.587027907371521,0.9202693700790404,0.7536486387252808
FullyConnectedPerceptron,1,3,3.0,BCE,512,256,0.002,64,0,0.5622605085372925,0.9430973529815674,0.7526789307594299
FullyConnectedPerceptron,1,3,3.0,BCE,512,256,0.0002,128,0,0.5435139536857605,0.938765585422516,0.7411397695541382
FullyConnectedPerceptron,1,3,3.0,BCE,512,256,0.0002,64,0,0.4957580864429474,0.9552583694458008,0.7255082279443741
FullyConnectedPerceptron,1,3,3.0,BCE,512,256,0.0004,64,0,0.5852490663528442,0.9315632581710817,0.7584061622619629
FullyConnectedPerceptron,1,3,3.0,BCE,512,256,0.0005,64,0,0.6182265877723694,0.912183940410614,0.7652052640914917
FullyConnectedPerceptron,1,3,3.0,BCE,512,256,0.0006,128,0,0.6360152959823608,0.8859723210334778,0.7609938085079193
FullyConnectedPerceptron,1,3,3.0,BCE,512,256,0.0006,64,0,0.608511209487915,0.9163233637809752,0.7624172866344452
FullyConnectedPerceptron,1,3,3.0,BCE,512,256,0.0008,64,0,0.6211001873016357,0.8957968354225159,0.7584485113620758
FullyConnectedPerceptron,1,3,3.0,BCE,512,256,0.009,16,0,0.5246305465698242,0.927216112613678,0.7259233295917511
FullyConnectedPerceptron,1,3,3.0,BCE,512,256,0.0009,64,0,0.5576081275939941,0.9443321228027344,0.7509701251983643
FullyConnectedPerceptron,1,3,3.0,BCE,512,32,0.0009,32,0,0.5935960412025452,0.924410343170166,0.7590031921863556
FullyConnectedPerceptron,1,3,3.0,BCE,512,64,0.001,64,0,0.5328407287597656,0.956112027168274,0.7444763779640198
FullyConnectedPerceptron,1,3,3.0,BCE,512,64,0.0003,128,0,0.545976996421814,0.9298383593559264,0.7379076778888702
FullyConnectedPerceptron,1,3,3.0,BCE,512,64,0.0005,16,0,0.5762178301811218,0.9390960335731506,0.7576569318771362
FullyConnectedPerceptron,1,3,3.0,BCE,64,128,0.006,128,0,0.4867268800735473,0.9500826001167296,0.7184047400951384
FullyConnectedPerceptron,1,3,3.0,BCE,64,256,0.001,128,0,0.5124521255493164,0.956156313419342,0.7343042194843292
FullyConnectedPerceptron,1,3,3.0,BCE,64,256,0.002,128,0,0.5584291219711304,0.9420726895332336,0.750250905752182
FullyConnectedPerceptron,1,3,3.0,BCE,64,256,0.0004,16,0,0.4815270900726318,0.9633097052574158,0.7224183976650238
FullyConnectedPerceptron,1,3,3.0,BCE,64,256,0.0005,64,0,0.4772851765155792,0.9598982930183412,0.7185917347669601
FullyConnectedPerceptron,1,3,3.0,weightedBCE,128,128,0.002,128,0,0.7023809552192688,0.837468683719635,0.7699248194694519
FullyConnectedPerceptron,1,3,3.0,weightedBCE,128,32,0.0001,16,0,0.6863710880279541,0.8340340852737427,0.7602025866508484
FullyConnectedPerceptron,1,3,3.0,weightedBCE,128,32,0.002,64,0,0.7209907174110413,0.8080618381500244,0.7645262777805328
FullyConnectedPerceptron,1,3,3.0,weightedBCE,128,64,0.01,32,0,0.6954023241996765,0.8283731937408447,0.7618877589702606
FullyConnectedPerceptron,1,3,3.0,weightedBCE,128,64,0.0002,64,0,0.7316639423370361,0.795778751373291,0.7637213468551636
FullyConnectedPerceptron,1,3,3.0,weightedBCE,128,64,0.0003,32,0,0.6892446875572205,0.8395525813102722,0.7643986344337463
FullyConnectedPerceptron,1,3,3.0,weightedBCE,256,128,0.0003,32,0,0.6960864663124084,0.8314041495323181,0.7637453079223633
FullyConnectedPerceptron,1,3,3.0,weightedBCE,256,256,0.001,64,0,0.7092227935791016,0.8313626646995544,0.770292729139328
FullyConnectedPerceptron,1,3,3.0,weightedBCE,256,256,0.0002,64,0,0.7101806402206421,0.8128867149353027,0.7615336775779724
FullyConnectedPerceptron,1,3,3.0,weightedBCE,256,256,0.008,128,0,0.6860974431037903,0.8471235632896423,0.7666105031967163
FullyConnectedPerceptron,1,3,3.0,weightedBCE,256,32,0.001,64,0,0.6591406464576721,0.8831085562705994,0.7711246013641357
FullyConnectedPerceptron,1,3,3.0,weightedBCE,256,32,0.002,128,0,0.719348669052124,0.8239301443099976,0.7716394066810608
FullyConnectedPerceptron,1,3,3.0,weightedBCE,256,32,0.0002,128,0,0.6985495090484619,0.8225105404853821,0.760530024766922
FullyConnectedPerceptron,1,3,3.0,weightedBCE,256,32,0.003,128,0,0.6945812702178955,0.8491525650024414,0.7718669176101685
FullyConnectedPerceptron,1,3,3.0,weightedBCE,256,32,0.004,128,0,0.6840448975563049,0.8645639419555664,0.7743044197559357
FullyConnectedPerceptron,1,3,3.0,weightedBCE,512,128,0.0001,64,0,0.7120963335037231,0.8075851202011108,0.759840726852417
FullyConnectedPerceptron,1,3,3.0,weightedBCE,512,128,0.0002,128,0,0.715106725692749,0.8047037124633789,0.759905219078064
FullyConnectedPerceptron,1,3,3.0,weightedBCE,512,128,0.003,64,0,0.7079912424087524,0.8397636413574219,0.7738774418830872
FullyConnectedPerceptron,1,3,3.0,weightedBCE,512,128,0.004,64,0,0.7255063056945801,0.8174051642417908,0.7714557349681854
FullyConnectedPerceptron,1,3,3.0,weightedBCE,512,128,0.0004,64,0,0.6966338157653809,0.8397834300994873,0.7682086229324341
FullyConnectedPerceptron,1,3,3.0,weightedBCE,512,128,0.0009,64,0,0.7416529655456543,0.8010247945785522,0.7713388800621033
FullyConnectedPerceptron,1,3,3.0,weightedBCE,512,256,0.002,64,0,0.7215380668640137,0.8205979466438293,0.7710680067539215
FullyConnectedPerceptron,1,3,3.0,weightedBCE,512,256,0.0003,16,0,0.7189381718635559,0.8226473927497864,0.7707927823066711
FullyConnectedPerceptron,1,3,3.0,weightedBCE,512,32,0.0001,128,0,0.7118226885795593,0.823413610458374,0.7676181495189667
FullyConnectedPerceptron,1,3,3.0,weightedBCE,512,32,0.0002,128,0,0.7060755491256714,0.8198093175888062,0.7629424333572388
FullyConnectedPerceptron,1,3,3.0,weightedBCE,512,32,0.0002,32,0,0.7133278846740723,0.8134322762489319,0.7633800804615021
FullyConnectedPerceptron,1,3,3.0,weightedBCE,512,32,0.0003,128,0,0.678297758102417,0.8507118821144104,0.7645048201084137
FullyConnectedPerceptron,1,3,3.0,weightedBCE,512,32,0.0004,128,0,0.725095808506012,0.8091675639152527,0.7671316862106323
FullyConnectedPerceptron,1,3,3.0,weightedBCE,512,32,0.0005,128,0,0.7339901328086853,0.8062828183174133,0.7701364755630493
FullyConnectedPerceptron,1,3,3.0,weightedBCE,512,64,0.0006,32,0,0.704023003578186,0.83891361951828,0.771468311548233
FullyConnectedPerceptron,1,3,3.0,weightedBCE,64,128,0.0001,128,0,0.7011494040489197,0.8174771666526794,0.7593132853507996
FullyConnectedPerceptron,1,3,3.0,weightedBCE,64,128,0.0001,64,0,0.6265736222267151,0.8225348591804504,0.7245542407035828
FullyConnectedPerceptron,1,3,3.0,weightedBCE,64,128,0.003,16,0,0.7224959135055542,0.8075345754623413,0.7650152444839478
FullyConnectedPerceptron,1,3,3.0,weightedBCE,64,256,0.001,16,0,0.7181171178817749,0.8255532383918762,0.7718351781368256
FullyConnectedPerceptron,1,3,3.0,weightedBCE,64,256,0.001,64,0,0.7023809552192688,0.8316513299942017,0.7670161426067352
FullyConnectedPerceptron,1,3,3.0,weightedBCE,64,256,0.002,64,0,0.7044335007667542,0.8391613364219666,0.7717974185943604
FullyConnectedPerceptron,1,3,3.0,weightedBCE,64,256,0.005,64,0,0.7349479794502258,0.7934993505477905,0.7642236649990082
FullyConnectedPerceptron,1,3,3.0,weightedBCE,64,256,0.0006,16,0,0.7215380668640137,0.816317081451416,0.7689275741577148
FullyConnectedPerceptron,1,3,3.0,weightedBCE,64,256,0.0007,16,0,0.6804871559143066,0.8549320101737976,0.7677095830440521
FullyConnectedPerceptron,1,3,3.0,weightedBCE,64,32,0.002,64,0,0.7316639423370361,0.8019962906837463,0.7668301165103912
FullyConnectedPerceptron,1,3,3.0,weightedBCE,64,32,0.0004,16,0,0.7094964385032654,0.815147340297699,0.7623218894004822
FullyConnectedPerceptron,1,3,3.0,weightedBCE,64,64,0.0007,128,0,0.7368637323379517,0.7974293828010559,0.7671465575695038
FullyConnectedPerceptron,1,4,4.0,BCE,128,128,0.0006,64,0,0.524904191493988,0.953604519367218,0.739254355430603
FullyConnectedPerceptron,1,4,4.0,BCE,128,256,0.0002,16,0,0.4837164878845215,0.9623356461524964,0.7230260670185089
FullyConnectedPerceptron,1,4,4.0,BCE,128,32,0.0005,128,0,0.4533388018608093,0.9690056443214417,0.7111722230911255
FullyConnectedPerceptron,1,4,4.0,BCE,128,64,0.0003,64,0,0.4692118167877197,0.9613430500030518,0.7152774333953857
FullyConnectedPerceptron,1,4,4.0,BCE,128,64,0.004,64,0,0.4610016345977783,0.9676923155784608,0.7143469750881195
FullyConnectedPerceptron,1,4,4.0,BCE,128,64,0.008,64,0,0.4975369572639465,0.9544137120246888,0.7259753346443176
FullyConnectedPerceptron,1,4,4.0,BCE,256,128,0.0009,64,0,0.4902846217155456,0.9690849781036376,0.7296847999095916
FullyConnectedPerceptron,1,4,4.0,BCE,256,256,0.001,64,0,0.5057471394538879,0.96084064245224,0.733293890953064
FullyConnectedPerceptron,1,4,4.0,BCE,256,256,0.003,128,0,0.5039682388305664,0.9541949033737184,0.7290815711021423
FullyConnectedPerceptron,1,4,4.0,BCE,256,256,0.0004,32,0,0.5046524405479431,0.9581285119056702,0.7313904762268066
FullyConnectedPerceptron,1,4,4.0,BCE,256,256,0.0005,32,0,0.4730432331562042,0.9710984230041504,0.7220708280801773
FullyConnectedPerceptron,1,4,4.0,BCE,256,256,0.0008,64,0,0.5708812475204468,0.9343880414962769,0.7526346445083618
FullyConnectedPerceptron,1,4,4.0,BCE,256,256,0.0009,64,0,0.488095223903656,0.9683815240859984,0.7282383739948273
FullyConnectedPerceptron,1,4,4.0,BCE,256,32,0.001,64,0,0.5623973608016968,0.9285022616386414,0.7454498112201691
FullyConnectedPerceptron,1,4,4.0,BCE,256,32,0.002,64,0,0.4897372722625732,0.968627393245697,0.7291823327541351
FullyConnectedPerceptron,1,4,4.0,BCE,256,32,0.003,64,0,0.4891899228096008,0.9675663709640504,0.7283781468868256
FullyConnectedPerceptron,1,4,4.0,BCE,256,32,0.0004,32,0,0.5530924797058105,0.9312208890914916,0.7421566843986511
FullyConnectedPerceptron,1,4,4.0,BCE,256,32,0.0004,64,0,0.4697591662406921,0.9642648100852966,0.7170119881629944
FullyConnectedPerceptron,1,4,4.0,BCE,256,64,0.002,64,0,0.4998631775379181,0.9551740288734436,0.7275186032056808
FullyConnectedPerceptron,1,4,4.0,BCE,256,64,0.0003,64,0,0.4627805054187774,0.967642068862915,0.7152112871408463
FullyConnectedPerceptron,1,4,4.0,BCE,256,64,0.004,64,0,0.5480295419692993,0.943138837814331,0.7455841898918152
FullyConnectedPerceptron,1,4,4.0,BCE,256,64,0.0007,64,0,0.5971537828445435,0.9011412262916564,0.7491475045681
FullyConnectedPerceptron,1,4,4.0,BCE,256,64,0.0008,64,0,0.4734537601470947,0.9729534983634948,0.7232036292552948
FullyConnectedPerceptron,1,4,4.0,BCE,512,128,0.0007,32,0,0.4623700082302093,0.9764378666877748,0.719403937458992
FullyConnectedPerceptron,1,4,4.0,BCE,512,256,0.0001,32,0,0.4510125815868377,0.970007598400116,0.7105100899934769
FullyConnectedPerceptron,1,4,4.0,BCE,512,256,0.002,128,0,0.5309250354766846,0.9554718732833862,0.7431984543800354
FullyConnectedPerceptron,1,4,4.0,BCE,512,256,0.0003,128,0,0.4844006597995758,0.9649397730827332,0.7246702164411545
FullyConnectedPerceptron,1,4,4.0,BCE,512,256,0.0003,32,0,0.5515872836112976,0.9436709880828856,0.7476291358470917
FullyConnectedPerceptron,1,4,4.0,BCE,512,256,0.0004,32,0,0.6015325784683228,0.892684280872345,0.7471084296703339
FullyConnectedPerceptron,1,4,4.0,BCE,512,256,0.0006,32,0,0.4928845167160034,0.965324342250824,0.7291044294834137
FullyConnectedPerceptron,1,4,4.0,BCE,512,256,0.0009,64,0,0.495210736989975,0.9673381447792052,0.7312744408845901
FullyConnectedPerceptron,1,4,4.0,BCE,512,32,0.0002,32,0,0.4845374822616577,0.9670624136924744,0.725799947977066
FullyConnectedPerceptron,1,4,4.0,BCE,512,32,0.0004,32,0,0.532567024230957,0.9568431377410888,0.744705080986023
FullyConnectedPerceptron,1,4,4.0,BCE,512,32,0.0007,32,0,0.5050629377365112,0.9633188247680664,0.7341908812522888
FullyConnectedPerceptron,1,4,4.0,BCE,512,64,0.005,16,0,0.456075519323349,0.9681662917137146,0.7121209055185318
FullyConnectedPerceptron,1,4,4.0,BCE,64,128,0.0001,16,0,0.4170771837234497,0.9627559185028076,0.6899165511131287
FullyConnectedPerceptron,1,4,4.0,BCE,64,128,0.0006,16,0,0.4380131363868713,0.9744374752044678,0.7062253057956696
FullyConnectedPerceptron,1,4,4.0,BCE,64,128,0.007,32,0,0.3988779485225677,0.9756658673286438,0.6872719079256058
FullyConnectedPerceptron,1,4,4.0,BCE,64,256,0.002,128,0,0.4819376170635223,0.9630982875823976,0.7225179523229599
FullyConnectedPerceptron,1,4,4.0,BCE,64,64,0.0002,16,0,0.411603718996048,0.9724330306053162,0.6920183748006821
FullyConnectedPerceptron,1,4,4.0,BCE,64,64,0.009,16,0,0.4351395666599273,0.9557774066925048,0.695458486676216
FullyConnectedPerceptron,1,4,4.0,weightedBCE,128,128,0.001,32,0,0.6904761791229248,0.8426674008369446,0.7665717899799347
FullyConnectedPerceptron,1,4,4.0,weightedBCE,128,128,0.0009,128,0,0.7066228985786438,0.8142492175102234,0.7604360580444336
FullyConnectedPerceptron,1,4,4.0,weightedBCE,128,256,0.001,16,0,0.7073070406913757,0.8251452445983887,0.7662261426448822
FullyConnectedPerceptron,1,4,4.0,weightedBCE,128,256,0.002,32,0,0.6732348203659058,0.8582553267478943,0.7657450735569
FullyConnectedPerceptron,1,4,4.0,weightedBCE,128,256,0.0002,32,0,0.703201949596405,0.8240452408790588,0.7636235952377319
FullyConnectedPerceptron,1,4,4.0,weightedBCE,128,64,0.0002,128,0,0.651888370513916,0.8239025473594666,0.7378954589366913
FullyConnectedPerceptron,1,4,4.0,weightedBCE,128,64,0.0003,128,0,0.6949917674064636,0.8064469695091248,0.7507193684577942
FullyConnectedPerceptron,1,4,4.0,weightedBCE,128,64,0.0004,128,0,0.7066228985786438,0.8115268349647522,0.759074866771698
FullyConnectedPerceptron,1,4,4.0,weightedBCE,128,64,0.0006,128,0,0.7383689284324646,0.786034107208252,0.7622015178203583
FullyConnectedPerceptron,1,4,4.0,weightedBCE,256,128,0.0001,32,0,0.684455394744873,0.8392930626869202,0.7618742287158966
FullyConnectedPerceptron,1,4,4.0,weightedBCE,256,128,0.0003,32,0,0.6917077302932739,0.8365544080734253,0.7641310691833496
FullyConnectedPerceptron,1,4,4.0,weightedBCE,256,128,0.004,64,0,0.6702244281768799,0.8649541139602661,0.767589271068573
FullyConnectedPerceptron,1,4,4.0,weightedBCE,256,128,0.0005,32,0,0.6882867813110352,0.8492955565452576,0.7687911689281464
FullyConnectedPerceptron,1,4,4.0,weightedBCE,256,256,0.006,16,0,0.6918445825576782,0.8192194104194641,0.7555319964885712
FullyConnectedPerceptron,1,4,4.0,weightedBCE,256,256,0.0007,16,0,0.7160645723342896,0.8216838836669922,0.7688742280006409
FullyConnectedPerceptron,1,4,4.0,weightedBCE,256,32,0.0002,32,0,0.6795293092727661,0.8382940888404846,0.7589116990566254
FullyConnectedPerceptron,1,4,4.0,weightedBCE,256,32,0.0002,64,0,0.703201949596405,0.8040686845779419,0.7536353170871735
FullyConnectedPerceptron,1,4,4.0,weightedBCE,256,32,0.003,32,0,0.6821291446685791,0.8538687229156494,0.7679989337921143
FullyConnectedPerceptron,1,4,4.0,weightedBCE,256,32,0.0003,32,0,0.7219485640525818,0.805777907371521,0.7638632357120514
FullyConnectedPerceptron,1,4,4.0,weightedBCE,256,32,0.0006,32,0,0.7086754441261292,0.827538251876831,0.7681068480014801
FullyConnectedPerceptron,1,4,4.0,weightedBCE,256,32,0.009,32,0,0.7059386968612671,0.813999354839325,0.759969025850296
FullyConnectedPerceptron,1,4,4.0,weightedBCE,256,64,0.01,64,0,0.6499726176261902,0.8616702556610107,0.7558214366436005
FullyConnectedPerceptron,1,4,4.0,weightedBCE,256,64,0.001,128,0,0.6787082552909851,0.8503324389457703,0.7645203471183777
FullyConnectedPerceptron,1,4,4.0,weightedBCE,256,64,0.002,64,0,0.7246852517127991,0.8181805610656738,0.7714329063892365
FullyConnectedPerceptron,1,4,4.0,weightedBCE,256,64,0.0002,128,0,0.6973180174827576,0.822113573551178,0.7597157955169678
FullyConnectedPerceptron,1,4,4.0,weightedBCE,256,64,0.0002,64,0,0.6951286196708679,0.8304285407066345,0.7627785801887512
FullyConnectedPerceptron,1,4,4.0,weightedBCE,256,64,0.0003,128,0,0.709770143032074,0.8167099952697754,0.7632400691509247
FullyConnectedPerceptron,1,4,4.0,weightedBCE,256,64,0.0003,64,0,0.7103174328804016,0.8132885694503784,0.76180300116539
FullyConnectedPerceptron,1,4,4.0,weightedBCE,256,64,0.004,64,0,0.667214035987854,0.8641674518585205,0.7656907439231873
FullyConnectedPerceptron,1,4,4.0,weightedBCE,256,64,0.0004,128,0,0.6811712980270386,0.8468731045722961,0.7640222012996674
FullyConnectedPerceptron,1,4,4.0,weightedBCE,256,64,0.006,64,0,0.6858237385749817,0.8425226211547852,0.7641731798648834
FullyConnectedPerceptron,1,4,4.0,weightedBCE,512,256,0.0002,16,0,0.6793924570083618,0.8511767983436584,0.7652846276760101
FullyConnectedPerceptron,1,4,4.0,weightedBCE,512,32,0.0001,32,0,0.7223590612411499,0.8028714656829834,0.7626152634620667
FullyConnectedPerceptron,1,4,4.0,weightedBCE,512,64,0.001,128,0,0.7138752341270447,0.8224915862083435,0.7681834101676941
FullyConnectedPerceptron,1,4,4.0,weightedBCE,512,64,0.0001,64,0,0.7077175974845886,0.8146395683288574,0.761178582906723
FullyConnectedPerceptron,1,4,4.0,weightedBCE,512,64,0.0002,128,0,0.7197591662406921,0.8028577566146851,0.7613084614276886
FullyConnectedPerceptron,1,4,4.0,weightedBCE,512,64,0.0007,64,0,0.6642035841941833,0.8735098838806152,0.7688567340373993
FullyConnectedPerceptron,1,4,4.0,weightedBCE,64,128,0.0004,128,0,0.7075807452201843,0.7893010377883911,0.7484408915042877
FullyConnectedPerceptron,1,4,4.0,weightedBCE,64,32,0.0003,16,0,0.6967706680297852,0.8250902891159058,0.7609304785728455
FullyConnectedPerceptron,1,4,4.0,weightedBCE,64,32,0.0005,128,0,0.7171592712402344,0.7946498990058899,0.7559045851230621
FullyConnectedPerceptron,1,4,4.0,weightedBCE,64,64,0.002,64,0,0.6899288296699524,0.8389954566955566,0.7644621431827545
FullyConnectedPerceptron,1,4,4.0,weightedBCE,64,64,0.0006,128,0,0.6833606958389282,0.8406699895858765,0.7620153427124023
FullyConnectedPerceptron,1,5,5.0,BCE,128,128,0.0001,16,0,0.3883415460586548,0.9793428182601928,0.6838421821594238
FullyConnectedPerceptron,1,5,5.0,BCE,128,128,0.0002,16,0,0.5633552074432373,0.9140305519104004,0.7386928796768188
FullyConnectedPerceptron,1,5,5.0,BCE,128,128,0.0003,32,0,0.4236453175544739,0.978693962097168,0.7011696398258209
FullyConnectedPerceptron,1,5,5.0,BCE,128,128,0.0004,32,0,0.4252873659133911,0.9781333208084106,0.7017103433609009
FullyConnectedPerceptron,1,5,5.0,BCE,128,256,0.003,128,0,0.5086206793785095,0.9530558586120604,0.730838268995285
FullyConnectedPerceptron,1,5,5.0,BCE,128,256,0.0003,128,0,0.3935413360595703,0.9787254333496094,0.6861333847045898
FullyConnectedPerceptron,1,5,5.0,BCE,128,32,0.0001,16,0,0.3951833546161651,0.9799731373786926,0.6875782459974289
FullyConnectedPerceptron,1,5,5.0,BCE,128,32,0.002,32,0,0.4562123715877533,0.9725871682167052,0.7143997699022293
FullyConnectedPerceptron,1,5,5.0,BCE,128,32,0.0003,16,0,0.4719485640525818,0.9702887535095216,0.7211186587810516
FullyConnectedPerceptron,1,5,5.0,BCE,128,32,0.0006,32,0,0.4934318661689758,0.9631327390670776,0.7282823026180267
FullyConnectedPerceptron,1,5,5.0,BCE,128,32,0.009,16,0,0.3175971508026123,0.9867367148399352,0.6521669328212738
FullyConnectedPerceptron,1,5,5.0,BCE,256,128,0.002,128,0,0.5169677138328552,0.9579176902770996,0.7374427020549774
FullyConnectedPerceptron,1,5,5.0,BCE,256,128,0.003,32,0,0.5084838271141052,0.9629248380661012,0.7357043325901031
FullyConnectedPerceptron,1,5,5.0,BCE,256,256,0.002,64,0,0.5001368522644043,0.9673509001731871,0.7337438762187958
FullyConnectedPerceptron,1,5,5.0,BCE,256,256,0.0004,128,0,0.4396551847457886,0.9749811887741088,0.7073181867599487
FullyConnectedPerceptron,1,5,5.0,BCE,256,32,0.001,32,0,0.4521072804927826,0.975662350654602,0.7138848155736923
FullyConnectedPerceptron,1,5,5.0,BCE,256,64,0.0002,64,0,0.4230979681015014,0.9733666181564332,0.6982322931289673
FullyConnectedPerceptron,1,5,5.0,BCE,256,64,0.004,16,0,0.443486601114273,0.972800076007843,0.708143338561058
FullyConnectedPerceptron,1,5,5.0,BCE,512,128,0.001,16,0,0.5380405187606812,0.9526764154434204,0.7453584671020508
FullyConnectedPerceptron,1,5,5.0,BCE,512,128,0.001,32,0,0.4998631775379181,0.9644415974617004,0.7321523874998093
FullyConnectedPerceptron,1,5,5.0,BCE,512,128,0.002,16,0,0.5758073329925537,0.9001320600509644,0.737969696521759
FullyConnectedPerceptron,1,5,5.0,BCE,512,128,0.002,64,0,0.4718117117881775,0.9712061882019044,0.7215089499950409
FullyConnectedPerceptron,1,5,5.0,BCE,512,128,0.0002,32,0,0.4451286196708679,0.9782512784004213,0.7116899490356445
FullyConnectedPerceptron,1,5,5.0,BCE,512,128,0.003,16,0,0.4986316263675689,0.9628063440322876,0.7307189851999283
FullyConnectedPerceptron,1,5,5.0,BCE,512,128,0.0003,16,0,0.5634920597076416,0.9169444441795348,0.7402182519435883
FullyConnectedPerceptron,1,5,5.0,BCE,512,128,0.005,16,0,0.5072523355484009,0.954533040523529,0.730892688035965
FullyConnectedPerceptron,1,5,5.0,BCE,512,128,0.0007,16,0,0.5324302315711975,0.9558539986610411,0.7441421151161194
FullyConnectedPerceptron,1,5,5.0,BCE,512,128,0.0008,16,0,0.5357142686843872,0.9495095014572144,0.7426118850708008
FullyConnectedPerceptron,1,5,5.0,BCE,512,128,0.0009,16,0,0.5504925847053528,0.922738552093506,0.7366155683994293
FullyConnectedPerceptron,1,5,5.0,BCE,512,128,0.0009,32,0,0.4355500936508178,0.9817608594894408,0.7086554765701293
FullyConnectedPerceptron,1,5,5.0,BCE,512,256,0.001,64,0,0.483305960893631,0.9726977348327636,0.7280018478631973
FullyConnectedPerceptron,1,5,5.0,BCE,512,256,0.0002,128,0,0.3921729624271393,0.9765695929527284,0.6843712776899338
FullyConnectedPerceptron,1,5,5.0,BCE,512,256,0.0004,128,0,0.5310618281364441,0.9526317119598388,0.7418467700481415
FullyConnectedPerceptron,1,5,5.0,BCE,512,256,0.005,128,0,0.462233155965805,0.9648634791374208,0.7135483175516129
FullyConnectedPerceptron,1,5,5.0,BCE,512,256,0.0005,128,0,0.4861795306205749,0.9689802527427672,0.727579891681671
FullyConnectedPerceptron,1,5,5.0,BCE,512,256,0.0008,128,0,0.5269567370414734,0.9569855332374572,0.7419711351394653
FullyConnectedPerceptron,1,5,5.0,BCE,512,32,0.0006,16,0,0.4775588512420654,0.9717033505439758,0.7246311008930206
FullyConnectedPerceptron,1,5,5.0,BCE,512,32,0.0008,32,0,0.5633552074432373,0.9253679513931274,0.7443615794181824
FullyConnectedPerceptron,1,5,5.0,BCE,512,64,0.001,16,0,0.4414340555667877,0.9812060594558716,0.7113200575113297
FullyConnectedPerceptron,1,5,5.0,BCE,512,64,0.003,64,0,0.5443349480628967,0.9325709939002992,0.7384529709815979
FullyConnectedPerceptron,1,5,5.0,BCE,512,64,0.0005,128,0,0.417761355638504,0.9820838570594788,0.6999226063489914
FullyConnectedPerceptron,1,5,5.0,BCE,64,256,0.002,64,0,0.4464969933032989,0.975543200969696,0.7110200971364975
FullyConnectedPerceptron,1,5,5.0,BCE,64,256,0.0005,64,0,0.5247673988342285,0.9506484270095824,0.7377079129219055
FullyConnectedPerceptron,1,5,5.0,BCE,64,32,0.0002,16,0,0.4455391466617584,0.971458375453949,0.7084987610578537
FullyConnectedPerceptron,1,5,5.0,BCE,64,32,0.0004,32,0,0.4341817200183868,0.9753947854042052,0.704788252711296
FullyConnectedPerceptron,1,5,5.0,BCE,64,32,0.0008,64,0,0.4709906876087188,0.9683284759521484,0.7196595817804337
FullyConnectedPerceptron,1,5,5.0,BCE,64,64,0.0002,128,0,0.3255336582660675,0.9819542169570924,0.6537439376115799
FullyConnectedPerceptron,1,5,5.0,weightedBCE,128,128,0.001,32,0,0.6840448975563049,0.8544505834579468,0.7692477405071259
FullyConnectedPerceptron,1,5,5.0,weightedBCE,128,256,0.0001,16,0,0.7045703530311584,0.8204293847084045,0.7624998688697815
FullyConnectedPerceptron,1,5,5.0,weightedBCE,128,256,0.0002,16,0,0.7119594812393188,0.8258410692214966,0.7689002752304077
FullyConnectedPerceptron,1,5,5.0,weightedBCE,128,256,0.0003,128,0,0.6918445825576782,0.8292357325553894,0.7605401575565338
FullyConnectedPerceptron,1,5,5.0,weightedBCE,128,256,0.0004,16,0,0.7517789006233215,0.774095356464386,0.7629371285438538
FullyConnectedPerceptron,1,5,5.0,weightedBCE,128,256,0.0007,16,0,0.6698139309883118,0.871906578540802,0.7708602547645569
FullyConnectedPerceptron,1,5,5.0,weightedBCE,128,64,0.001,32,0,0.7068965435028076,0.8303523659706116,0.7686244547367096
FullyConnectedPerceptron,1,5,5.0,weightedBCE,128,64,0.0002,32,0,0.6761083602905273,0.8391834497451782,0.7576459050178528
FullyConnectedPerceptron,1,5,5.0,weightedBCE,128,64,0.0003,32,0,0.7393267750740051,0.7931734323501587,0.7662501037120819
FullyConnectedPerceptron,1,5,5.0,weightedBCE,128,64,0.0004,32,0,0.6937602758407593,0.8362898230552673,0.7650250494480133
FullyConnectedPerceptron,1,5,5.0,weightedBCE,128,64,0.005,16,0,0.692118227481842,0.8341584801673889,0.7631383538246155
FullyConnectedPerceptron,1,5,5.0,weightedBCE,128,64,0.0007,32,0,0.6941707730293274,0.8386892676353455,0.7664300203323364
FullyConnectedPerceptron,1,5,5.0,weightedBCE,128,64,0.008,128,0,0.6766557097434998,0.8576873540878296,0.7671715319156647
FullyConnectedPerceptron,1,5,5.0,weightedBCE,128,64,0.0009,32,0,0.6964969635009766,0.8371755480766296,0.7668362557888031
FullyConnectedPerceptron,1,5,5.0,weightedBCE,256,128,0.001,16,0,0.7085385918617249,0.8334433436393738,0.7709909677505493
FullyConnectedPerceptron,1,5,5.0,weightedBCE,256,128,0.001,32,0,0.6581827998161316,0.8789445161819458,0.7685636579990387
FullyConnectedPerceptron,1,5,5.0,weightedBCE,256,128,0.002,16,0,0.6888341307640076,0.8530259132385254,0.7709300220012665
FullyConnectedPerceptron,1,5,5.0,weightedBCE,256,128,0.003,128,0,0.6346469521522522,0.8985026478767395,0.7665748000144958
FullyConnectedPerceptron,1,5,5.0,weightedBCE,256,128,0.009,16,0,0.6609195470809937,0.8553608655929565,0.7581402063369751
FullyConnectedPerceptron,1,5,5.0,weightedBCE,256,256,0.003,64,0,0.7079912424087524,0.826038122177124,0.7670146822929382
FullyConnectedPerceptron,1,5,5.0,weightedBCE,256,256,0.0003,64,0,0.7073070406913757,0.8198142647743225,0.7635606527328491
FullyConnectedPerceptron,1,5,5.0,weightedBCE,256,32,0.0002,128,0,0.7033388018608093,0.8229790329933167,0.763158917427063
FullyConnectedPerceptron,1,5,5.0,weightedBCE,256,32,0.0002,16,0,0.704707145690918,0.8273726105690002,0.7660398781299591
FullyConnectedPerceptron,1,5,5.0,weightedBCE,256,64,0.01,128,0,0.7081280946731567,0.8270939588546753,0.767611026763916
FullyConnectedPerceptron,1,5,5.0,weightedBCE,256,64,0.002,64,0,0.7153804302215576,0.8322440981864929,0.7738122642040253
FullyConnectedPerceptron,1,5,5.0,weightedBCE,512,128,0.001,32,0,0.7155172228813171,0.8333677649497986,0.7744424939155579
FullyConnectedPerceptron,1,5,5.0,weightedBCE,512,128,0.0002,64,0,0.7060755491256714,0.8168711066246033,0.7614733278751373
FullyConnectedPerceptron,1,5,5.0,weightedBCE,512,128,0.003,16,0,0.6860974431037903,0.8499810695648193,0.7680392563343048
FullyConnectedPerceptron,1,5,5.0,weightedBCE,512,128,0.0004,128,0,0.6971811652183533,0.8398703336715698,0.7685257494449615
FullyConnectedPerceptron,1,5,5.0,weightedBCE,512,256,0.005,64,0,0.7182539701461792,0.8220070004463196,0.7701304852962494
FullyConnectedPerceptron,1,5,5.0,weightedBCE,512,64,0.001,64,0,0.7183908224105835,0.8245799541473389,0.7714853882789612
FullyConnectedPerceptron,1,5,5.0,weightedBCE,512,64,0.002,64,0,0.7062123417854309,0.8364359140396118,0.7713241279125214
FullyConnectedPerceptron,1,5,5.0,weightedBCE,512,64,0.0003,64,0,0.7505473494529724,0.7780206799507141,0.7642840147018433
FullyConnectedPerceptron,1,5,5.0,weightedBCE,512,64,0.0005,64,0,0.7376847267150879,0.8032876253128052,0.7704861760139465
FullyConnectedPerceptron,1,5,5.0,weightedBCE,512,64,0.0006,64,0,0.6928024291992188,0.8562402129173279,0.7745213210582733
FullyConnectedPerceptron,1,5,5.0,weightedBCE,512,64,0.0008,64,0,0.7060755491256714,0.8301909565925598,0.7681332528591156
FullyConnectedPerceptron,1,5,5.0,weightedBCE,512,64,0.0009,32,0,0.7226327061653137,0.817139744758606,0.7698862254619598
FullyConnectedPerceptron,1,5,5.0,weightedBCE,64,128,0.0002,32,0,0.6836344003677368,0.8198502063751221,0.7517423033714294
FullyConnectedPerceptron,1,5,5.0,weightedBCE,64,128,0.007,64,0,0.6971811652183533,0.8314872980117798,0.7643342316150665
FullyConnectedPerceptron,1,5,5.0,weightedBCE,64,32,0.0001,16,0,0.6865079402923584,0.8330274224281311,0.7597676813602448
FullyConnectedPerceptron,1,5,5.0,weightedBCE,64,32,0.0004,128,0,0.7318007946014404,0.7925084233283997,0.76215460896492
FullyConnectedPerceptron,1,5,5.0,weightedBCE,64,32,0.0004,16,0,0.7101806402206421,0.8234512209892273,0.7668159306049347
FullyConnectedPerceptron,1,5,5.0,weightedBCE,64,32,0.0005,128,0,0.7119594812393188,0.8216657638549805,0.7668126225471497
FullyConnectedPerceptron,1,5,5.0,weightedBCE,64,32,0.0005,16,0,0.662972092628479,0.8669309616088867,0.7649515271186829
FullyConnectedPerceptron,1,5,5.0,weightedBCE,64,32,0.0006,128,0,0.710864782333374,0.8170373439788818,0.7639510631561279
FullyConnectedPerceptron,1,5,5.0,weightedBCE,64,32,0.0006,16,0,0.6818554997444153,0.8464518189430237,0.7641536593437195
FullyConnectedPerceptron,1,6,6.0,BCE,128,128,0.0004,32,0,0.4194034039974212,0.9814879894256592,0.7004456967115402
FullyConnectedPerceptron,1,6,6.0,BCE,128,256,0.007,16,0,0.3325123190879822,0.9860585331916808,0.6592854261398315
FullyConnectedPerceptron,1,6,6.0,BCE,128,32,0.004,32,0,0.4313081502914428,0.975333571434021,0.7033208608627319
FullyConnectedPerceptron,1,6,6.0,BCE,128,32,0.0005,128,0,0.4303503036499023,0.9754012227058412,0.7028757631778717
FullyConnectedPerceptron,1,6,6.0,BCE,128,32,0.0006,16,0,0.4370552897453308,0.9802929162979126,0.7086741030216217
FullyConnectedPerceptron,1,6,6.0,BCE,128,64,0.005,64,0,0.4950738847255707,0.960694432258606,0.7278841584920883
FullyConnectedPerceptron,1,6,6.0,BCE,256,128,0.0001,32,0,0.3943623304367065,0.9822529554367064,0.6883076429367064
FullyConnectedPerceptron,1,6,6.0,BCE,256,128,0.0001,64,0,0.3746578991413116,0.9815111756324768,0.6780845373868942
FullyConnectedPerceptron,1,6,6.0,BCE,256,128,0.0002,64,0,0.5207991003990173,0.9447306990623474,0.7327648997306824
FullyConnectedPerceptron,1,6,6.0,BCE,256,128,0.0003,16,0,0.5082101821899414,0.960624635219574,0.7344174087047577
FullyConnectedPerceptron,1,6,6.0,BCE,256,128,0.0003,64,0,0.4092774987220764,0.983892261981964,0.6965848803520203
FullyConnectedPerceptron,1,6,6.0,BCE,256,128,0.0004,64,0,0.4931581914424896,0.9556841850280762,0.7244211882352829
FullyConnectedPerceptron,1,6,6.0,BCE,256,256,0.001,32,0,0.5073891878128052,0.94703871011734,0.7272139489650726
FullyConnectedPerceptron,1,6,6.0,BCE,256,256,0.0006,16,0,0.4723590612411499,0.9726329445838928,0.7224960029125214
FullyConnectedPerceptron,1,6,6.0,BCE,256,32,0.0004,128,0,0.5281882882118225,0.940435230731964,0.7343117594718933
FullyConnectedPerceptron,1,6,6.0,BCE,256,32,0.0004,16,0,0.5589764714241028,0.8988624215126038,0.7289194464683533
FullyConnectedPerceptron,1,6,6.0,BCE,256,32,0.009,128,0,0.3768472969532013,0.9870882630348206,0.6819677799940109
FullyConnectedPerceptron,1,6,6.0,BCE,256,32,0.0009,64,0,0.4366447627544403,0.9791655540466307,0.7079051584005356
FullyConnectedPerceptron,1,6,6.0,BCE,256,64,0.0001,128,0,0.3388067781925201,0.9870725870132446,0.6629396826028824
FullyConnectedPerceptron,1,6,6.0,BCE,256,64,0.0001,16,0,0.4623700082302093,0.9706762433052064,0.7165231257677078
FullyConnectedPerceptron,1,6,6.0,BCE,256,64,0.0002,16,0,0.4180350303649902,0.9801796674728394,0.6991073489189148
FullyConnectedPerceptron,1,6,6.0,BCE,256,64,0.0005,128,0,0.4541598260402679,0.9754309058189392,0.7147953659296036
FullyConnectedPerceptron,1,6,6.0,BCE,512,128,0.001,64,0,0.4404761791229248,0.9715979099273682,0.7060370445251465
FullyConnectedPerceptron,1,6,6.0,BCE,512,128,0.0001,64,0,0.3825944066047668,0.983906090259552,0.6832502484321594
FullyConnectedPerceptron,1,6,6.0,BCE,512,256,0.0003,16,0,0.522988498210907,0.9545239806175232,0.7387562394142151
FullyConnectedPerceptron,1,6,6.0,BCE,512,256,0.0004,16,0,0.4556650221347809,0.9787763953208924,0.7172207087278366
FullyConnectedPerceptron,1,6,6.0,BCE,512,32,0.001,16,0,0.4975369572639465,0.9654791951179504,0.7315080761909485
FullyConnectedPerceptron,1,6,6.0,BCE,512,32,0.002,16,0,0.5135468244552612,0.953536570072174,0.7335416972637177
FullyConnectedPerceptron,1,6,6.0,BCE,512,32,0.0002,16,0,0.5281882882118225,0.9564325213432312,0.7423104047775269
FullyConnectedPerceptron,1,6,6.0,BCE,512,32,0.0003,16,0,0.5734811425209045,0.9123710989952089,0.7429261207580566
FullyConnectedPerceptron,1,6,6.0,BCE,512,32,0.0004,16,0,0.5210728049278259,0.9578021764755248,0.7394374907016754
FullyConnectedPerceptron,1,6,6.0,BCE,512,32,0.0008,16,0,0.5318828821182251,0.9436132907867432,0.7377480864524841
FullyConnectedPerceptron,1,6,6.0,BCE,512,64,0.0001,16,0,0.4722222089767456,0.9706294536590576,0.7214258313179016
FullyConnectedPerceptron,1,6,6.0,BCE,64,256,0.002,128,0,0.3702791333198547,0.98635596036911,0.6783175468444823
FullyConnectedPerceptron,1,6,6.0,BCE,64,256,0.0005,32,0,0.4084564745426178,0.9822680354118348,0.6953622549772263
FullyConnectedPerceptron,1,6,6.0,BCE,64,256,0.009,32,0,0.4247400164604187,0.9668846726417542,0.6958123445510864
FullyConnectedPerceptron,1,6,6.0,BCE,64,32,0.0001,128,0,0.3085659444332123,0.9844397902488708,0.6465028673410416
FullyConnectedPerceptron,1,6,6.0,BCE,64,32,0.002,64,0,0.44841268658638,0.975695252418518,0.712053969502449
FullyConnectedPerceptron,1,6,6.0,BCE,64,32,0.0003,32,0,0.3884783685207367,0.9819736480712892,0.6852260082960129
FullyConnectedPerceptron,1,6,6.0,BCE,64,32,0.0007,64,0,0.3824575841426849,0.9852734208106996,0.6838655024766922
FullyConnectedPerceptron,1,6,6.0,weightedBCE,128,256,0.0002,64,0,0.6773399114608765,0.8412633538246155,0.759301632642746
FullyConnectedPerceptron,1,6,6.0,weightedBCE,128,32,0.003,64,0,0.6499726176261902,0.8752544522285461,0.7626135349273682
FullyConnectedPerceptron,1,6,6.0,weightedBCE,256,128,0.004,16,0,0.7145593762397766,0.8135451078414917,0.7640522420406342
FullyConnectedPerceptron,1,6,6.0,weightedBCE,256,128,0.009,16,0,0.0,1.0,0.5
FullyConnectedPerceptron,1,6,6.0,weightedBCE,256,256,0.001,16,0,0.6800765991210938,0.8493008613586426,0.7646887302398682
FullyConnectedPerceptron,1,6,6.0,weightedBCE,256,256,0.001,32,0,0.6836344003677368,0.8579485416412354,0.7707914710044861
FullyConnectedPerceptron,1,6,6.0,weightedBCE,256,256,0.002,16,0,0.7044335007667542,0.8282584547996521,0.7663459777832031
FullyConnectedPerceptron,1,6,6.0,weightedBCE,256,256,0.002,32,0,0.68938148021698,0.8455455303192139,0.7674635052680969
FullyConnectedPerceptron,1,6,6.0,weightedBCE,256,256,0.005,16,0,0.6670771837234497,0.8585726022720337,0.7628248929977417
FullyConnectedPerceptron,1,6,6.0,weightedBCE,256,256,0.006,16,0,0.6299945116043091,0.8788312673568726,0.7544128894805908
FullyConnectedPerceptron,1,6,6.0,weightedBCE,256,256,0.008,16,0,0.6948549747467041,0.8244487047195435,0.7596518397331238
FullyConnectedPerceptron,1,6,6.0,weightedBCE,256,64,0.0003,16,0,0.715106725692749,0.8098525404930115,0.7624796330928802
FullyConnectedPerceptron,1,6,6.0,weightedBCE,512,128,0.002,16,0,0.7211275100708008,0.8132680654525757,0.7671977877616882
FullyConnectedPerceptron,1,6,6.0,weightedBCE,512,128,0.003,16,0,0.6811712980270386,0.8534243106842041,0.7672978043556213
FullyConnectedPerceptron,1,6,6.0,weightedBCE,512,128,0.004,16,0,0.6926655769348145,0.8398236632347107,0.7662446200847626
FullyConnectedPerceptron,1,6,6.0,weightedBCE,512,256,0.0007,128,0,0.6811712980270386,0.8509380221366882,0.7660546600818634
FullyConnectedPerceptron,1,6,6.0,weightedBCE,512,32,0.01,128,0,0.0,1.0,0.5
FullyConnectedPerceptron,1,6,6.0,weightedBCE,512,32,0.007,128,0,0.7048439979553223,0.8304585814476013,0.7676512897014618
FullyConnectedPerceptron,1,6,6.0,weightedBCE,64,32,0.0003,128,0,0.7177066206932068,0.8011747002601624,0.7594406604766846
FullyConnectedPerceptron,1,6,6.0,weightedBCE,64,64,0.001,32,0,0.6914340257644653,0.8490493297576904,0.7702416777610779
FullyConnectedPerceptron,1,6,6.0,weightedBCE,64,64,0.0003,64,0,0.6681718826293945,0.833112895488739,0.7506423890590668
